Packet Loss,Loss Percentage(%),Time Delta Mean(s),Total Time(s),Total Bytes(B),Throughput(Kbps)
0,0.0%,0.1184894585609436,11.84894585609436,10000,6.7516554613044315
0,0.0%,0.11805262565612792,11.805262565612793,10000,6.776638770663999
0,0.0%,0.11816348552703858,11.816348552703857,10000,6.7702809918969535
